user,isolation_forest,oneclass_svm,autoencoder
U0001,0.05926957361068941,0.2702999861632221,0.31231026202751927
U0002,0.3673893133672677,0.37965902045708744,0.24969349763454235
U0003,0.07230295861407221,0.42037221505100103,0.3810068596552752
U0004,0.12064625244994753,0.12908315288090255,0.006693247965678328
U0005,0.31374473966397914,0.2537764485090712,0.1260364285794222
U0006,0.24950752092535755,0.08165365128721042,0.25915156807444945
U0007,0.03631479464590065,0.44621638644346284,0.36035979501632703
U0008,0.4474515812438269,0.16412006523245443,0.10139559774243434
U0009,0.137471084189196,0.3558932044239258,0.41780245804411054
U0010,0.034179200648535524,0.44006610567495985,0.3529144813957323
U0011,0.3576190757212649,0.36069249575187196,0.3446785640520575
U0012,0.3667732425581885,0.31668306946689273,0.4149267969955842
U0013,0.3158015627475453,0.41354777636980694,0.21176438054535252
U0014,0.09278474710399753,0.19151279519817221,0.37976378877015216
U0015,0.15456972315350503,0.07387902314124623,0.10479068116507861
U0016,0.07656149509658028,0.46655158826526794,0.44792313116376514
U0017,0.07315102570512616,0.23802062662993195,0.17126461080450706
U0018,0.1692792692419069,0.0009293399986147199,0.22199498832802417
U0019,0.3618550358790969,0.004044130302691629,0.3779423499310568
U0020,0.2072561098641288,0.4963217539660026,0.12251528566420983
U0021,0.07589349990698357,0.2525378007114082,0.4062868509506687
U0022,0.13087345410539508,0.47027822912397577,0.14998118763492263
U0023,0.3711183052035814,0.12108327710631211,0.012407606251033931
U0024,0.4706798866693875,0.20929470790907445,0.11853981860901797
U0025,2.465470834137383,2.456539972412919,2.4116820678191173
U0026,0.15365802193469508,0.31850633085248375,0.20256505258972235
U0027,0.03646050775987769,0.20989158562965582,0.32456555512610424
U0028,0.23599697042847595,0.44243996669613045,0.1077425363743324
U0029,0.4349572062401699,0.19092855676893705,0.49651092991427814
U0030,0.09932894105557138,0.30097313497809375,0.1820357254206918
U0031,0.16430048809217257,0.43949075638093105,0.3030098443209379
U0032,0.31493097665567654,0.1551918078351746,0.22933758852255837
U0033,0.048460129051460465,0.4173698802950971,0.2832549058657373
U0034,0.17375918681830405,0.3263675121697487,0.3780915065655179
U0035,0.4017654006765993,0.29822741755977805,0.4355699691039167
U0036,0.2830651382661006,0.12624763774941133,0.2713593909565193
U0037,0.04822613490098998,0.24226418280657414,0.09235915028572717
U0038,0.39119600940206056,0.18040650861914315,0.375340542537467
U0039,0.47965248073775296,0.08736537050842319,0.48479782016624806
U0040,0.21216829827965122,0.058389547626310656,0.33307376651497644
U0041,0.2374630774847601,0.07293395567054184,0.087950492554771
U0042,0.3818574427550784,0.21992123772780353,0.41132530437961246
U0043,0.2659829803578956,0.04174834032524655,0.4387418668647942
U0044,0.42432683586716013,0.045713754065451195,0.25200406332185804
U0045,0.05293758932909187,0.14218940107922645,0.33343717700161823
U0046,0.12047410193822683,0.0987887568604719,0.3150088468469869
U0047,0.004861291992614092,0.12812884939067104,0.014984806282139274
U0048,0.2912970261384332,0.4669433972845456,0.438032092734469
U0049,0.4061391622832167,0.3448442069908279,0.4132901280223391
U0050,0.06585723708230357,0.12303145231186463,0.44620157505651464
U0051,0.2450237820009113,0.42930946927731034,0.26294746830891086
U0052,0.2308000469555055,0.11166151828782883,0.14394784629813795
U0053,0.04256302952794838,0.13050404577476588,0.05724874295429061
U0054,0.3525933090253029,0.26615811900998276,0.16254778446184437
U0055,0.22333574633316494,0.34495853638309576,0.42703403003183815
U0056,0.0893619055309528,0.3344422401661979,0.26712442636185124
U0057,0.45134184011799433,0.11711939218201689,0.15493091077182192
U0058,0.20274649385777593,0.012333898795658715,0.052860091800939535
U0059,0.42641351728561844,0.20031571909436585,0.47193944983668845
U0060,0.1811891890485332,0.48712962353741146,0.1346066211557631
U0061,0.32736658171189864,0.14258636706656352,0.11134543174059236
U0062,0.3071423077313077,0.41220437282933026,0.3572030522613614
U0063,0.407188949094321,0.27963539006661514,0.2573781741360947
U0064,0.2405425410629704,0.19566242724891464,0.06898230506349273
U0065,0.18018051673900404,0.010310360214684178,0.11829180387671051
U0066,0.13988656356439644,0.36433138835576717,0.22254901877259775
U0067,0.3499067946517475,0.3857541399965967,0.3910311674009667
U0068,0.011807353121692232,0.12225641453135411,0.46412586211626927
U0069,0.06514621386304525,0.10993208553584455,0.0280155396595268
U0070,0.23694413129742942,0.043106035787321084,0.28873494261639115
U0071,0.28149353042301256,0.41045479561347387,0.21246604315820372
U0072,0.3518384141911104,0.16616304482922561,0.28454016877691174
U0073,0.3674186103935122,0.4460832438734687,0.43637691061719025
U0074,0.43938793752244004,0.183364799497503,0.22232137871857155
U0075,0.2544741793638324,0.17358484696619408,0.05942963074736102
U0076,0.17100752585571627,0.26837850779726286,0.1515485547284358
U0077,0.23247995329024368,0.46584946676375394,0.2830215590398805
U0078,0.4613728022643521,0.1314566141860567,0.07065057151680137
U0079,0.3456491674987554,0.009442099937344184,0.01972500304757646
U0080,0.376598299879154,0.3028581095647746,0.20662557579045326
U0081,0.418132530360177,0.19182065093823703,0.15225186194223417
U0082,0.11093171283850323,0.24058828828759404,0.10649848225509728
U0083,0.03175597144728581,0.4016481402339165,0.1542641007259084
U0084,0.28059377162877996,0.0854701940058642,0.24036333150737405
U0085,0.12231361371223692,0.11784839916943562,0.03297678994890002
U0086,0.0665930232207873,0.4032611203798469,0.40006877647934336
U0087,0.16104924597258052,0.028950397632197755,0.4239385803452524
U0088,0.48866728857790515,0.37705537059029476,0.08663324236909481
U0089,0.12744054587296605,0.06849947190133643,0.17166716260740272
U0090,0.4422735036515309,0.16499188519084573,0.42697184202613114
U0091,0.02263983890064819,0.09642773426878376,0.4311448807308854
U0092,0.10976115197990782,0.4323249304634707,0.34270094289404207
U0093,0.08426725805980256,0.2316206782871229,0.08148469300521222
U0094,0.40251135204357924,0.050530270050676285,0.2735851835151421
U0095,0.29125027158128675,0.3304328969571092,0.14550534133406673
U0096,0.3406754290758847,0.13206922160963536,0.11042006937894355
U0097,0.3442139618716171,0.20753985690999582,0.10590279277532988
U0098,0.07260146034843656,0.19551009313627277,0.1914756628495708
U0099,0.40540615496454063,0.38695642196578894,0.24761388806262147
U0100,0.046070249617139514,0.42508209577007544,0.4846304613899742
U0101,0.3771117155793625,0.24028646966036926,0.16541238434670646
U0102,0.2920444386023969,0.022753447771725166,0.4504732224264742
U0103,0.14819483240045694,0.42802081683566456,0.16548831901418554
U0104,0.22825793460862115,0.47518551366941153,0.4865643457516685
U0105,0.1507114561257536,0.10212973604863701,0.39032369613304063
U0106,0.10567895052458531,0.4548827437301882,0.005845816560235473
U0107,0.45131769303509023,0.341060411324082,0.4801534106405094
U0108,0.24602896227263282,0.002144140014165019,0.49793364794074557
U0109,0.4594467013381699,0.2252622600941404,0.27436180120045445
U0110,0.13417050750204146,0.003261742952540503,0.18547239343890876
U0111,0.3285799562780087,0.3307547757023755,0.4921651215594433
U0112,0.15968006057663492,0.21552551512233364,0.22494734551203766
U0113,0.40596090251924144,0.27532068191867504,0.44853592816701393
U0114,0.2607007715820294,0.32695548954848536,0.41226185270658455
U0115,0.3011083204301544,0.09927353746351153,0.4247007957417011
U0116,0.3400952143207761,0.19754444530742998,0.17587775481675078
U0117,0.06657508981505517,0.40911668405285856,0.3508886011353619
U0118,0.34388151765401337,0.48761541728669106,0.2793680063960914
U0119,0.4046385585816833,0.002751766693263824,0.1675727143539576
U0120,0.1652357605511553,0.23105587996096888,0.41636749220394614
U0121,0.141010207634799,0.21381338474820882,0.005142644204838287
U0122,0.16377375455726206,0.11613783951759604,0.07145277951340523
U0123,0.299377554645142,0.2408533547997132,0.24048917367205852
U0124,0.2815874600143777,0.26083874205185126,0.240747279626927
U0125,0.36942605527325767,0.16204790671054564,0.385743298123235
U0126,0.07951083752080923,0.1361154155905474,0.2973298060951649
U0127,0.08281675395024657,0.047031408677787157,0.20392138163429724
U0128,0.3306136706289141,0.04800795296340482,0.05176829105317804
U0129,0.27542723222161164,0.18663334954461092,0.48871585558212083
U0130,0.11824383461808047,0.2024718180098936,0.12980086306584265
U0131,0.35870679076870665,0.11586443998235835,0.38523557382441825
U0132,0.32374277864500045,0.2846664791081652,0.07959007302164339
U0133,0.42349648583807037,0.403787194866342,0.08493475249584842
U0134,0.19303945744253465,0.09137410390381728,0.45072767317586804
U0135,0.20978834353571268,0.37199579657479936,0.34192909111154673
U0136,0.41373089551364023,0.384834531806025,0.15127090648637032
U0137,0.03611438292341573,0.4853257520537167,0.3898203798042246
U0138,0.09556564958205238,0.21237264431035047,0.3250718766928408
U0139,0.09490957161925756,0.1758718682904052,0.395080918051823
U0140,0.14973393112380667,0.24464643307978295,0.37978960695611297
U0141,0.3876274986124783,0.38909611387832027,0.4674135265413006
U0142,0.4736055251673121,0.08706611967162908,0.38402093387191427
U0143,0.10162264798431087,0.1922268094512185,0.41391424591550013
U0144,0.23256234014653993,0.318917526316213,0.261123221077963
U0145,0.3531662362916913,0.46402530656632984,0.4124270897964127
U0146,0.06026366909532016,0.1458008173093166,0.4990466860243954
U0147,0.45776506145241946,0.09972528597134772,0.3680514587746252
U0148,0.19198864672629978,0.48036881089529065,0.25216311455505497
U0149,0.38073276156313457,0.13914648528228524,0.26622294186935774
U0150,0.4413481836138791,0.1781483068131195,0.32455759964278896
U0151,0.4230683296848884,0.3283722315390056,0.04559846956667957
U0152,0.33037136813611045,0.0939215196854144,0.3264102763534401
U0153,0.40588458138176137,0.17656280048586004,0.16670584572380565
U0154,0.08507802268259224,0.4910522071118307,0.17405148143648952
U0155,0.34691565785317235,0.4074395752603896,0.3079763830391021
U0156,0.011371546485668349,0.28093300424600776,0.35940645034366303
U0157,0.4189636321344518,0.13538915961725373,0.4204925229727813
U0158,0.2940691806821848,0.4997260288752481,0.16077364905454283
U0159,0.44936074929270414,0.3478941208136442,0.4475810753813995
U0160,0.2907891984450032,0.17857213618270845,0.3479202805782019
U0161,0.4300897614653926,0.40404433064797246,0.4623285103843934
U0162,0.4209870371318118,0.3180930475673377,0.22044342621770202
U0163,0.07651498272277568,0.43436086356547376,0.4658122643513937
U0164,0.4410144664865874,0.21488138410338975,0.22522369873061288
U0165,0.03716501074738848,0.1358877961437024,0.13656838250086217
U0166,0.2910921655355279,0.17570011399067725,0.12347814731112905
U0167,0.40032300290283584,0.14046729154383836,0.46076533770544004
U0168,0.49539870364869354,0.2931176849534425,0.23068370741062388
U0169,0.415107637937655,0.1977733139693505,0.4515506058877297
U0170,0.23633665679221316,0.007793872946676772,0.2974001969700778
U0171,0.47236536102094695,0.4218459516825899,0.2518976695655017
U0172,0.4149852787490366,0.19272430465332652,0.3267091128570896
U0173,0.1924113756540169,0.36694539699938433,0.49732129287654014
U0174,0.25350561818320766,0.13994589877320285,0.392035774904508
U0175,0.12834645921506876,0.22804678233645526,0.22805312812103684
U0176,0.379837459576086,0.3651778821659987,0.24462336321270006
U0177,0.07101314914465051,0.14816346959802168,0.30435510665026844
U0178,0.28574654917442116,0.2640896715626816,0.018773833251419125
U0179,0.4615409033274029,0.3012183856047276,0.39642854492354274
U0180,0.4027151700697359,0.16846631684572233,0.2546710282322086
U0181,0.45345002053994315,0.2642938728303176,0.13659273032388175
U0182,0.2230561547091896,0.10107953884107118,0.45149360306151876
U0183,0.4608202691250127,0.0456586673690525,0.17087565359045492
U0184,0.24235087496902386,0.10658750394896299,0.45072028382432316
U0185,0.2812790157276531,0.22409077945566502,0.4564113896858952
U0186,0.49675044733182067,0.4266874034620809,0.05178069873972074
U0187,2.2430998530473953,2.2651107027304924,2.8637531294175194
U0188,0.236344362822686,0.20377122987888013,0.47153647219206263
U0189,0.39787238078381465,0.05725498758908182,0.0808549333866021
U0190,0.379120145748777,0.19586033829821858,0.22604016347997413
U0191,0.15227247688844364,0.08403568464322575,0.38788787784606593
U0192,0.36393305521155955,0.4655074874638163,0.3859531473931143
U0193,0.3271613397521437,0.0860598020457718,0.27112305521880176
U0194,0.3602215912532519,0.46057500316359573,0.30884412791948473
U0195,0.4793713032917514,0.20447965749915498,0.3944731944783833
U0196,0.09844608969837232,0.4280987174686333,0.04485366062473639
U0197,0.2200425907438523,0.2615497625528504,0.2157050383295528
U0198,0.4492463529189438,0.19535521938321193,0.02679893728834598
U0199,0.09851481159715181,0.4220148703070652,0.47083691422362356
U0200,0.2529889379469559,0.014592681429484944,0.32946961056814694
U0201,0.1453366852600113,0.3619351810255468,0.3771887998249251
U0202,0.05285860638705259,0.2549727678188739,0.1682988677128523
U0203,0.31166220061766736,0.4590801065926482,0.10151962273508497
U0204,0.17501297098900004,0.06212093894752574,0.014076545555656406
U0205,0.058056163440097674,0.31809954032282206,0.45473195859140286
U0206,0.21335472627042967,0.42592693868903625,0.02484818869979566
U0207,0.28633800874781135,0.4201902444102885,0.40159853582680316
U0208,0.32413539021312304,0.047334317302060225,0.4792702073514233
U0209,0.20917270231619617,0.45197262053835546,0.48649948222305844
U0210,0.1827295779806291,0.48855331424202825,0.21085170459647434
U0211,0.3686405951458781,0.04750235342156556,0.2813326389783245
U0212,0.048715567594162346,0.45696648128546385,0.2358234487461739
U0213,0.360032884872404,0.3745147370230188,0.4694007578948996
U0214,0.2681545719952403,0.34296512752973957,0.12834244204092482
U0215,0.019418618019441336,0.09580974832052841,0.44660594469258547
U0216,0.10521993972645499,0.495294931504324,0.0234783320813704
U0217,0.4374687836155896,0.42041298864715687,0.029579154091183557
U0218,0.12520576965632008,0.06909831672117189,0.4890973045522629
U0219,0.34212136973934654,0.33995553158802144,0.17670304995465153
U0220,0.0915701644892038,0.2564942079281771,0.2384279549158802
U0221,0.07035002998344159,0.2245084964454419,0.3574054743596283
U0222,0.05945233616399498,0.4130334561318107,0.18769249798424031
U0223,0.49522794269808734,0.16371960246551692,0.309827647745895
U0224,0.01129892458113263,0.12057290976932616,0.26097246200959556
U0225,0.24841717904183103,0.046526402834406566,0.08451016892094998
U0226,0.020196233967848864,0.0358226012603734,0.13426463837695973
U0227,0.05544553479516273,0.030598354004774342,0.20360005220320004
U0228,0.32908393802845415,0.1660577020141411,0.25168164923440023
U0229,0.25479050743813214,0.3873576349593058,0.24572526108513915
U0230,0.45474812074299964,0.18849819208290425,0.19802691341360484
U0231,0.4209429570319438,0.45999982321844357,0.16050413704814404
U0232,0.3869515459590951,0.3349388880473185,0.39921095581824795
U0233,0.2665091712233864,0.20819500427428544,0.20834922791265392
U0234,0.2124226733428342,0.24899920497640116,0.3941554070865935
U0235,0.10719614478904488,0.3807607303635154,0.2589871814354465
U0236,0.2624641154542701,0.37865473794180643,0.08200256610502704
U0237,0.386441873543569,0.44158849502342107,0.09907840242961213
U0238,0.42364967968180334,0.09139139207433661,0.26397199461343085
U0239,0.30391461202705744,0.08512954875101614,0.17776229758571083
U0240,0.2622020785502837,0.09026252477013758,0.32623872852670216
U0241,0.023713294633661564,0.11449409850923747,0.37353273227962364
U0242,0.37336746844615737,0.31280118995836725,0.2584205660335511
U0243,0.3959633673239398,0.2331317615891061,0.023480720153097323
U0244,0.2498481802604457,0.2904997677533635,0.14910976602431475
U0245,0.05202509691163021,0.42844616844284866,0.10248858203608785
U0246,0.0872467748998963,0.33449866279979473,0.43136281632116835
U0247,0.2809560205715453,0.20702809832757102,0.4335493989559236
U0248,0.10890237303074118,0.2727150898806446,0.04410593538471014
U0249,0.483410991605829,0.005672218069902368,0.31169770770551797
U0250,0.2356383463408036,0.08221087150899148,0.3520002686671507
U0251,0.34555928738328073,0.01766858087757006,0.007945914504499108
U0252,0.21863765762082438,0.04969327608848767,0.4063911716046429
U0253,0.47538519349024594,0.19862385981463992,0.355933440781031
U0254,0.4928360022275481,0.10420825883241813,0.41844784771084836
U0255,0.47905208682259276,0.14567999991299924,0.33226788327365125
U0256,0.4007405712536883,0.26288497828930674,0.031015375720201577
U0257,0.021131000828103874,0.021876009828586285,0.10900820007332052
U0258,0.1303258760291937,0.21028646035009985,0.2569717741438834
U0259,0.1985769112573309,0.39970503577996436,0.19526099414200188
U0260,0.25838448003497516,0.16191951600691296,0.2260901262065349
U0261,0.126852447298954,0.2883105528737693,0.48231597172254553
U0262,0.21335803806052017,0.07990964885417606,0.250132628302738
U0263,0.38358812904104034,0.0674837713982685,0.483756765146702
U0264,0.3280075851778015,0.18784508546277168,0.3703931751170987
U0265,0.23358390890715347,0.242056426712502,0.2072117154099143
U0266,0.39712968560941747,0.12659514341282302,0.32527922813555693
U0267,0.04278242684696959,0.2777300560192194,0.47779534487508707
U0268,0.0014004954860986074,0.4030895018295735,0.21246878226580496
U0269,0.04542789655416368,0.2684034293655594,0.09710221514983813
U0270,0.40250778193864994,0.09106235871025092,0.41054455925018163
U0271,0.32058659494643527,0.18306003090332162,0.11453289793937305
U0272,0.3100431537932242,0.4643345053525031,0.36785441987830697
U0273,0.4862699217175274,0.03707755986498018,0.17545037907505978
U0274,0.35198221659856077,0.30551358029870296,0.06306971634433461
U0275,0.2738243218675038,0.2661823938676926,0.44494405953759963
U0276,0.4588761545452732,0.24056051389272443,0.24406556686690756
U0277,0.2851868553820496,0.35862289475301706,0.30688541127184515
U0278,0.38283464800649203,0.03670183974969976,0.1474550468148726
U0279,0.09257604557980126,0.2913170640824187,0.05916835246164864
U0280,0.47770869176781194,0.2218495738543093,0.26710669873157267
U0281,0.36546423469232314,0.2200257510404337,0.005123335096230308
U0282,0.2253763007622947,0.3483491051541142,0.11656002806756022
U0283,0.2200707584276323,0.33004179035048126,0.24547152556695961
U0284,0.36107546237651056,0.04354784704463144,0.4616862012451056
U0285,0.24837227038920429,0.31673173245629715,0.039396189397407855
U0286,0.28171495074901964,0.35349616955000335,0.10513426353191496
U0287,0.4877734490202818,0.2876728389287846,0.28691143445132294
U0288,0.19929085052007672,0.2141778650454375,0.08224928908614693
U0289,0.31116423187330416,0.34134230213811395,0.14328154587140507
U0290,0.14313599474248728,0.2190506623262906,0.48603318888172536
U0291,0.19195976014931065,0.26084114317322665,0.20086552897386123
U0292,0.21812907462237408,0.19390824902931691,0.14990603618139103
U0293,0.29312888781917135,0.11901618397130515,0.10704138375275962
U0294,0.1871785432028492,0.37214746986436237,0.4403332897354274
U0295,0.2469438732962524,0.22321149076295033,0.4412525970200024
U0296,0.2594256260603116,0.25949875216703455,0.3393171870573814
U0297,0.49485904629363914,0.39414975282490994,0.215842368068778
U0298,0.0028941913588348966,0.28487812451615524,0.3561810516938605
U0299,0.3006783034441922,0.21435950474412097,0.21152963071140463
U0300,0.35474502787665924,0.16383935806180577,0.26120142973633814
U0301,0.10305972599121738,0.37747788891294914,0.35352502547136766
U0302,0.11921350697616467,0.3161598101407649,0.27303788997368755
U0303,0.22097308882720357,0.2654878616587108,0.4455463676628354
U0304,0.41022687410397685,0.4855195385678868,0.05163733833505546
U0305,0.2047575411008415,0.38654663246742105,0.3790834455497039
U0306,0.19134259057946196,0.05893329804555597,0.3027080227969936
U0307,0.4823386327500741,0.37017021259772226,0.2956427209674714
U0308,0.35601304759238506,0.22026497543724838,0.42723518073256117
U0309,0.26811603563358316,0.24879976443189222,0.025146934296853884
U0310,0.4705459551648113,0.046678813543525044,0.07106702375515156
U0311,0.3905824269816085,0.2831077728175611,0.19840247950395223
U0312,0.42050500438485516,0.31315586162133907,0.29578579238611635
U0313,0.48622888730859154,0.47528599393837684,0.46845771455329355
U0314,0.14156977532642023,0.12753824343331338,0.3532386329457081
U0315,0.09615795560889817,0.39467421390420715,0.07008407093228824
U0316,0.11152076312279052,0.08040768129954434,0.13853316947931965
U0317,0.24805344693956216,0.31795073923144973,0.10006557805275773
U0318,0.19340126457509932,0.24331109751264735,0.34638617652720655
U0319,0.3540366163541468,0.40347185181611567,0.3660416683317845
U0320,0.2366964890575295,0.23565189470424425,0.4346289818915091
U0321,0.4829570853275902,0.26539772402343514,0.36095631881025325
U0322,0.010362249789313716,0.35770215367754565,0.19932668428653882
U0323,0.08943318052584903,0.20191455202917385,0.287590869465959
U0324,0.4584728234534817,0.3202152941974866,0.4472515769238651
U0325,0.34001916329959486,0.48734198047445443,0.43282664896776185
U0326,0.4585578064792553,0.11088234114251472,0.056836256610214686
U0327,0.4139791588317412,0.2060832889032812,0.4804764457103924
U0328,0.33918693946892803,0.4422784084329062,0.01655657602332483
U0329,0.11999846691197175,0.1831953369339377,0.09474121302881239
U0330,0.026745788334888443,0.2765339275234995,0.2014197486998019
U0331,0.10343973075189589,0.19084703330905767,0.4334107992606349
U0332,0.4607059656779721,0.46581463521446703,0.36507050491785115
U0333,0.03546061040299309,0.35677938126928493,0.012235193450356396
U0334,0.44376160715314494,0.4292615815285964,0.14551473853032726
U0335,0.011894130938303882,0.4697923313580912,0.2486294404070632
U0336,0.3747359393654071,0.15328677243516753,0.12091746871811626
U0337,0.08790214480629116,0.3127836496149644,0.28169793364548024
U0338,0.3429668330159083,0.08969342291774196,0.16323329197576947
U0339,0.409863922134691,0.046387986194186714,0.38706899932254657
U0340,0.1827392698224291,0.28695601585860003,0.458516015272002
U0341,0.18660172049779994,0.4226548793888493,0.22161582144058123
U0342,0.0635775370897601,0.48886171339972534,0.2541097831141551
U0343,0.20982453871159884,0.3842413300354692,0.19990539471734525
U0344,0.22020750710504328,0.21851341345221875,0.1743067638040357
U0345,0.4719296251400503,0.2203582101162207,0.060180155744921915
U0346,0.13762952755547814,0.009284065071121284,0.3077340711823194
U0347,0.12853540699650406,0.09643366618347149,0.16826734461225273
U0348,0.08238975322115516,0.4616683890072185,0.3576700601805767
U0349,0.43339603546364136,0.4587782503765435,0.15471776337390003
U0350,0.25373173682904443,0.10138433972556105,0.051551691072203365
U0351,0.29108375924349783,0.3068110858883596,0.18219928466913404
U0352,0.044440452970808064,0.3727795555279305,0.21024293667399568
U0353,0.007086875544353111,0.24365460323080596,0.44849273325723227
U0354,0.062241441357593574,0.42511778954153767,0.3698680931385613
U0355,0.2603974711261117,0.16952598608048508,0.20961191915634408
U0356,0.37828878116519465,0.3131340353082126,0.3897491627503354
U0357,0.23004114053375085,0.14459441584591842,0.29535860660448143
U0358,0.3753970942382643,0.35703593546638523,0.32212637838668834
U0359,0.24983411198270133,0.39069469071539326,0.022504934429416257
U0360,0.45366373157118706,0.4069835611637371,0.13782678898938872
U0361,0.03346726562872404,0.245488504061678,0.41684257224386684
U0362,0.46304825295038154,0.39429865450219503,0.21663017771056015
U0363,0.26539222023826137,0.04999829056017985,0.09703042255709776
U0364,0.07753517198354132,0.3352541715423744,0.46654425947162326
U0365,0.40884873847055747,0.2607973914093943,0.04772572729213742
U0366,0.06783466733079518,0.2421804539251044,0.36212021733487554
U0367,0.12480397204535926,0.31891204581360766,0.11230548740562657
U0368,0.42118448915430196,0.46287152642402013,0.1977248115838891
U0369,0.4443218327247281,0.006753417087605906,0.1953770133600054
U0370,0.11078797970997895,0.2697143544516461,0.2663229671766979
U0371,0.12774389407338144,0.18460504799676053,0.3930054140091964
U0372,0.44071353705983174,0.2764797346980357,0.2007909095136075
U0373,0.23659028573233304,0.23854962646445865,0.40341154120419764
U0374,0.1274160224684418,0.382344355830926,0.3484040421447692
U0375,0.014333818288101374,0.04444356482427342,0.3763665146678689
U0376,0.09798233112233384,0.0955380204644864,0.31167161276119726
U0377,0.1334843001960872,0.3064030398688946,0.06895124443135581
U0378,0.47672517446695223,0.4321877893087397,0.2853365048262714
U0379,0.3012508643485509,0.25013007995732256,0.12102184485063167
U0380,0.19088243594325693,0.02150059151167183,0.25745007352322785
U0381,0.0023238248201680745,0.1754679754360987,0.456335409650778
U0382,0.4927145757003997,0.20629544534529193,0.08162352697942321
U0383,0.43208186900008316,0.2337247875005925,0.06427110580737716
U0384,0.17441315042829242,0.23136661952013782,0.2682588636724716
U0385,0.4035778440641538,0.02256618743631411,0.12497413289663067
U0386,0.2162695838223091,0.3533434361499902,0.17123658841945455
U0387,0.3216636164424725,0.18170506960167637,0.26493548823352064
U0388,0.3618212112598176,0.3459331919092817,0.4803646265975129
U0389,0.42461461369421405,0.20104460551041242,0.14241303755118873
U0390,0.4462143335323674,0.44776443693778345,0.10772676854297492
U0391,0.1815350969673883,0.3400267851748681,0.17011041346981448
U0392,0.34697485307651726,0.3239689451519192,0.41206620226729923
U0393,0.349976686459622,0.36367490413702747,0.25989414053850884
U0394,0.35623454179507924,0.38737415893508537,0.2764414089627008
U0395,0.4682256962031897,0.196410825464991,0.22795354547465274
U0396,0.49108962329005534,0.2106687931948028,0.1609495608925487
U0397,0.23802364754553057,0.1838095835250565,0.27752319058826525
U0398,0.2440104115252486,0.13325337924367336,0.13524823348740622
U0399,0.482057777952215,0.2552990702528418,0.29168446736030085
U0400,0.3346284196319362,0.45756190799524404,0.22362278410009634
U0401,0.3602326161204684,0.01445934484832806,0.4075543851204249
U0402,0.05829107377639087,0.3245139082064178,0.48345051990618787
U0403,0.42406438329701523,0.12989027443610152,0.24436758890946153
U0404,0.1944847996551617,0.18401761481220796,0.10252512225224508
U0405,0.49591096489319564,0.01639057458393478,0.42359930773708016
U0406,0.19089138035733882,0.3255610728100836,0.17399956659076832
U0407,0.0018322619392663886,0.26354017065698704,0.3451413945425085
U0408,0.3612650044896644,0.12422544502181393,0.16360174819853324
U0409,0.02179427817256485,0.37026930029118155,0.42507892567468925
U0410,0.41325823179968724,0.27248994855603675,0.09447586052366741
U0411,0.4833500795287249,0.09346772843803791,0.081456100870818
U0412,0.3651171948192766,0.19262436211040657,0.07169519544259656
U0413,0.0603784804595604,0.017051168986949805,0.06485075684070779
U0414,0.1094343386856585,0.09235158903146273,0.10195665602914
U0415,0.16919244784797954,0.1796690930634855,0.421271748708033
U0416,0.2675664530516391,0.23508146500192162,0.4163387125575403
U0417,0.4215020108540544,0.03450736663127019,0.4819429315087406
U0418,0.3336403730263432,0.2733345632215429,0.0014936396896577664
U0419,0.47654780760426396,0.1871075195764193,0.05696887475902229
U0420,0.4619132530911024,0.42973086147415035,0.04797286209610635
U0421,0.15443272047905265,0.03113153118133888,0.3246077909187021
U0422,0.4883218800908999,0.2990750729271283,0.2706341603610011
U0423,0.3331397777206876,0.2690615011793896,0.2630585039583567
U0424,0.21805876195405327,0.3026566482011988,0.09543300738884442
U0425,0.23831078330667244,0.23801624457467657,0.2570846969859117
U0426,0.19303416832075587,0.02071952899732754,0.27543301866858083
U0427,0.14383577523697405,0.4515870405344378,0.34136246254825664
U0428,0.1503703299316091,0.26928575480869243,0.4885913121222293
U0429,0.392477886299946,0.00525340458627277,0.10454089889826279
U0430,0.49199708517973134,0.4553301801870559,0.4061849040091854
U0431,0.39568069481868556,0.23576269677727396,0.22168423607965204
U0432,0.2503310574316029,0.4207056333557211,0.029368362757863753
U0433,0.06811333655071111,0.4977613566213771,0.40341784767223854
U0434,0.30360966931131644,0.35216706460051056,0.3432899974686103
U0435,0.29559570207609304,0.08685745370135639,0.0844010353027227
U0436,0.12002281001430842,0.22139734592994476,0.4766464423549018
U0437,0.36446167756312414,0.4694370148180923,0.45877547595467266
U0438,0.3581942007573683,0.04666747771205698,0.14075265190088943
U0439,0.1431324726855034,0.4618181804181693,0.47652240023500453
U0440,0.4438586493921119,0.39910116667863377,0.09165281728216407
U0441,0.3669594381861896,0.3462832578176134,0.24965712709910898
U0442,0.40555068979537795,0.4098586668922326,0.10400973660474239
U0443,0.1166101574389038,0.42011332354715614,0.3582573108102454
U0444,0.46546105380338776,0.150845776049161,0.10364084842710442
U0445,0.4601683115880254,0.3340634879809741,0.12100291104382355
U0446,0.08430622021217332,0.21652250761117386,0.04673460063553664
U0447,0.20328953091942809,0.15674304557132912,0.1127668248973614
U0448,0.2726854248174034,0.4205591154602992,0.34262072180604486
U0449,0.3162720753345795,0.140010354951975,0.4512335563673734
U0450,0.33336780956203826,0.21034841761516887,0.2633884359479069
U0451,0.05932901330088847,0.2543517748277598,0.4026989128841452
U0452,0.37675403197009555,0.2920912702587747,0.3943777855115158
U0453,0.03192324360386417,0.16575303640933953,0.14330522482304536
U0454,0.4984202064373164,0.48977687288648447,0.29969826571595515
U0455,0.22005114648879365,0.11079066571293816,0.42298104662678304
U0456,0.35610087344027846,0.46592100810980175,0.3427585477037221
U0457,0.41241839631421934,0.10928387930061151,0.2799485109570402
U0458,0.4750062561240998,0.48694153455706446,0.35301850011624114
U0459,0.40394072982196744,0.11539379390542098,0.3087483690195912
U0460,0.13983827352342848,0.3673806121822839,0.06770329283458276
U0461,0.18064502914751485,0.06928366136420216,0.1024622086174275
U0462,0.30937622097184786,0.45888780857373207,0.274292837034227
U0463,0.3278157798277929,0.37955496077078255,0.46736186337750046
U0464,0.04241746868070834,0.00654373637876382,0.09017442661934727
U0465,0.12651256504989322,0.46773530765972726,0.37928501590903824
U0466,0.05328875845002079,0.43754181743276926,0.17755357391754722
U0467,0.33909516074943435,0.43998560240346796,0.38993323673320746
U0468,0.3958611251369746,0.32771738164120323,0.22795395115250883
U0469,0.21107007712174353,0.1872111573596712,0.2028655075624446
U0470,0.14350819559812306,0.022219012149855166,0.03115470877710297
U0471,0.1511397691922025,0.3031470617083387,0.008787479525058872
U0472,0.48760719503788336,0.27180748728941845,0.11625011551806419
U0473,0.2434914262980985,0.3126865819116208,0.4122579847589043
U0474,0.2077733211656635,0.01773369765022642,0.21915115056952306
U0475,0.4799613464661897,0.41172232423162997,0.4355229567472276
U0476,0.40043258447070135,0.4361666169896883,0.19361588075688235
U0477,0.3724407466471962,0.47332683789694846,0.17119613738235623
U0478,0.2909534492648491,0.10849843190335956,0.12330750413881364
U0479,0.050731654663876025,0.23035174052651786,0.19943011496727847
U0480,0.022523999424139907,0.25882374155894106,0.10554071262568743
U0481,0.14799616870318977,0.243773433684286,0.10476931872289408
U0482,0.3547569992298699,0.3030294333157288,0.05594281873662038
U0483,0.14048057619555782,0.254753025959898,0.42033806930448264
U0484,0.23091191799130223,0.41184185572385773,0.3953563084584126
U0485,0.3896228355229196,0.28753986325479436,0.20419580220312816
U0486,0.49032369759081595,0.3773963041267127,0.1990441315525306
U0487,0.1203211411952122,0.38656534495334016,0.1736890931589154
U0488,0.08907673155392631,0.4435602803546183,0.4640988252162109
U0489,0.27813558652405296,0.2351722381070946,0.28720489340346017
U0490,0.15372937687772686,0.14694307271221368,0.20930819242787302
U0491,0.3604403947505903,0.29206964382249667,0.39855848009363204
U0492,0.3560742357176652,0.2306153652972236,0.12890304425689159
U0493,0.4152651166780234,0.4480256836156858,0.2947008353914226
U0494,0.23492389042743783,0.25407352766039515,0.2898814533121091
U0495,0.4224843803933715,0.4132531680457126,0.17974142680188537
U0496,0.49216148457789166,0.08053464281882744,0.1277880709289611
U0497,0.47698830953846855,0.47377383292372666,0.41007423993043807
U0498,0.14449262029417753,0.2109861671176208,0.3436046461211378
U0499,0.29811114667892563,0.009260672345238752,0.11101772620350364
U0500,0.2030032250427613,0.10640337933854938,0.3139306810465597
U0501,0.15792596325262143,0.007016521137023168,0.0023496210672304674
U0502,0.31490897861166944,0.34523246350049974,0.10116835274964964
U0503,0.43323800286447944,0.30417919866659987,0.24971251561012492
U0504,0.41287111620226985,0.08654940629159225,0.4609571642218971
U0505,0.4019685262757923,0.2742099287011267,0.4415725947096295
U0506,0.13513198028140083,0.2364091178836899,0.2531956543135979
U0507,0.34064993451571857,0.4156915058970796,0.16640146364112873
U0508,0.2274144265035123,0.16519035433265333,0.03065580751198077
U0509,0.41052241320119226,0.20024481151063322,0.10120892330284242
U0510,0.32046160138384394,0.3880717350429477,0.3402634279626086
U0511,0.2862490790544894,0.1836255695868637,0.20246882881716827
U0512,0.05025612392477502,0.4734065687258679,0.25456284086390407
U0513,0.24953614065718693,0.39113466506357314,0.20236743487138176
U0514,0.10109075045487048,0.4684805790555781,0.4412717362517131
U0515,0.004789169469789967,0.42265615178438365,0.013634419221749017
U0516,0.18000970778346848,0.3323428294150721,0.209974861205163
U0517,0.43070174793689553,0.05463228733820091,0.40820725950374037
U0518,0.26139169963993714,0.2737202409460659,0.42403983145609747
U0519,0.22164579082049662,0.49660874788551335,0.3007714190244624
U0520,0.21946618924616446,0.007762726901519079,0.2616677773950305
U0521,0.2651423476056467,0.1729139522633905,0.28823209681804224
U0522,0.0797538052820927,0.006724760695429821,0.39578260523773284
U0523,0.046672689826063096,0.3411074198498719,0.4470056687735507
U0524,0.2459975400146639,0.20586721061523283,0.24023573491824857
U0525,0.06464350435353716,0.21296334202510436,0.07481422353860784
U0526,0.34057949385602676,0.4272263367552389,0.10549234250165285
U0527,0.26317799911623474,0.4700862356314089,0.0552377100702971
U0528,0.2087960751703406,0.1529284318528411,0.2837028536740005
U0529,0.39436505864926963,0.38329682316797875,0.16070225248658343
U0530,0.02407356088657092,0.18661677956406908,0.041424511427436694
U0531,0.2285064959054232,0.09968828454069717,0.27531754260760416
U0532,0.20995160029924365,0.21970748238952337,0.345397051793236
U0533,0.2982640523667272,0.1350239898240881,0.4650792482945581
U0534,0.13011138024388902,0.3960909697869412,0.2815422875689598
U0535,0.24438565604442714,0.3013499306502941,0.35677053103709805
U0536,0.22162938313873276,0.4925586411064783,0.026893973042721897
U0537,0.06831374542136887,0.07207131435224634,0.3992150626699144
U0538,0.2862030776291872,0.3052033066013045,0.09435478623297872
U0539,0.31255499657949826,0.07121812430741686,0.26231879706622196
U0540,0.02729201854195784,0.03907141818800591,0.20964039019531494
U0541,0.4804528180906405,0.2836172783044535,0.21599772951293178
U0542,0.2777702574291447,0.13475360600890857,0.030192980167023487
U0543,0.47870822703721044,0.29173308849148505,0.17716965709102017
U0544,0.3010063074616272,0.1675080751466993,0.4656255748890189
U0545,0.277609228675394,0.29269328663786837,0.38884229741617216
U0546,0.08221073289874359,0.06448179313521518,0.07022538024464392
U0547,0.023576434760570086,0.1996513395938434,0.2887074573332151
U0548,0.02959470155588828,0.05364296861479306,0.04076508509630167
U0549,0.1872697487648904,0.3847775543362707,0.41219125205693313
U0550,2.391720582906204,1.873163145298349,2.0280496029479504
U0551,0.1916998505792471,0.0123902757708928,0.1907159335504176
U0552,0.3151762481091425,0.06749150156562966,0.09613512316253431
U0553,0.09936684041151833,0.1619144275485498,0.3045179563317153
U0554,0.08983766145769828,0.446674442827743,0.19467664399446416
U0555,0.10378284393836273,0.18913816234351583,0.08732947923537282
U0556,0.4236410440414578,0.34414228846698725,0.35147880228523104
U0557,0.17621228186863058,0.27855869438284114,0.4192121978811082
U0558,0.4062870327981262,0.21436875499456287,0.013940154083098344
U0559,0.4070407078301245,0.23927857003762043,0.006005620141850243
U0560,0.21870178870349655,0.38997327147322064,0.2722403470972186
U0561,0.363189027897988,0.33004218445851113,0.3163998982392501
U0562,0.31295248105303214,0.016604249143284622,0.06892213406874859
U0563,0.47978334993970967,0.07879893954994976,0.07544266837954822
U0564,0.03815964713845327,0.09918780337184968,0.22298857926174565
U0565,0.4565933266613877,0.16358487419090684,0.012764375145126516
U0566,0.11237920402240831,0.2020079238350206,0.3041952529438772
U0567,0.3695658592614274,0.2557726064478464,0.49585906085786985
U0568,0.16698612255985779,0.056646539540952945,0.4088581902229671
U0569,0.20131887791980702,0.13072698156475498,0.3516436856310979
U0570,0.08011774788812492,0.12908719614048075,0.45605862316671175
U0571,0.4922403830097561,0.24410428433748954,0.18463411159828247
U0572,0.1676489670903381,0.3342624363173013,0.15581157671181045
U0573,0.4013995813666648,0.35761739814051796,0.31830989044551644
U0574,0.4448761881794001,0.4416604124387925,0.018739657747519844
U0575,0.4483290925868022,0.032845084763410415,0.4258591069873986
U0576,0.03624159706446356,0.4202047831979712,0.17235671935924152
U0577,0.39704343104777007,0.4362393206540772,0.3739069286978654
U0578,0.15520310874615395,0.01393762641882823,0.2962412080049703
U0579,0.26649176161454013,0.18957204965381053,0.12310761653994046
U0580,0.196310329614514,0.4945491879372224,0.37506929727752364
U0581,0.3450882971140111,0.054752366926643814,0.17338282169570013
U0582,0.33304297599078936,0.2149446678137356,0.3810809971565214
U0583,0.11063714470194952,0.30889634531273524,0.02769922417612869
U0584,0.0633267313913442,0.0015297625598268971,0.2537473616621123
U0585,0.4964958005619864,0.4106710957077467,0.46669079440332045
U0586,0.24831451252774467,0.08343934157287647,0.1680843389082392
U0587,0.40382409669310526,0.26439388683941345,0.3529061232736391
U0588,0.23602996471132648,0.3188211621721876,0.3643317783482131
U0589,0.35277330170782817,0.35815574883227647,0.023511621530109272
U0590,0.46118178565649154,0.16862130771462108,0.4715724009534697
U0591,0.013238363194657543,0.33705243120975675,0.01622432411360525
U0592,0.3559792694740187,0.3851600516237119,0.012105031810950628
U0593,0.3932515837805296,0.22579815172049944,0.10450682021857532
U0594,0.29452556781102546,0.0037728419722909967,0.32548110999234997
U0595,0.3175506770439369,0.17527516424969275,0.4183241430935596
U0596,0.29109477117627813,0.2662813559641543,0.2364717573043234
U0597,0.3254818448084352,0.039931096050470294,0.2459411617936217
U0598,0.26704090703086814,0.3259688153739,0.19025921003308566
U0599,0.45549226785418634,0.12483556009439395,0.27129718099282957
U0600,0.39868031812490307,0.23436343298790685,0.35311141716999456
U0601,0.08435197702102915,0.13308072477411392,0.4080351057949244
U0602,0.02043268219688721,0.31256722087165817,0.380896203537604
U0603,0.3832555312408885,0.36516681109596294,0.17422184956258358
U0604,0.34370584052155584,0.24802636243821086,0.35555242108716806
U0605,0.22401280425304043,0.39672302703319884,0.3869538989040547
U0606,0.11237360469268254,0.21784491463643435,0.004454286556614173
U0607,0.2043335689960038,0.29177174435968056,0.14659518808347377
U0608,0.30583299848449985,0.37057378968990834,0.33552557963243607
U0609,0.1900146874476651,0.24285024463051996,0.14193691316377843
U0610,0.08752920602135122,0.10130716986474492,0.44647624578528866
U0611,0.3805521906548339,0.17039800263855975,0.4072468667536083
U0612,0.23419730953486723,0.24183671993855066,0.1818489654808847
U0613,0.415074796176302,0.05494588807501155,0.03929674548883394
U0614,0.178406260196533,0.024336106880126995,0.22486906319990785
U0615,0.1380832810650685,0.4539334987580377,0.10784169915587338
U0616,0.033637522928132824,0.35978306515616887,0.3815639689200386
U0617,0.39955833927082673,0.2602868320368471,0.3009168800337982
U0618,0.3720867859910179,0.46073019228025625,0.3785388805443849
U0619,0.27220159242227326,0.19307545340825233,0.037071201052621516
U0620,0.4120145101545809,0.20051766335866755,0.07176094861253235
U0621,0.14462204706220216,0.07972845735220008,0.11696621635312343
U0622,0.49708824027492454,0.4165154403668968,0.1026164747436013
U0623,0.4742865433928452,0.4843910541233792,0.2674288905569474
U0624,0.344889016928752,0.2507292106831604,0.30650818358889115
U0625,0.04110221924941798,0.0004521080011482548,0.3220759093218282
U0626,0.11479822914546434,0.3586866504133283,0.3900933107941553
U0627,0.10813319441206887,0.14110266117873133,0.012983956328778079
U0628,0.012714618622378604,0.41380331226482087,0.032293456590863356
U0629,0.37560484915679465,0.26397497901389383,0.21074272140481493
U0630,0.11214057248080356,0.41828668718381645,0.4295592311128429
U0631,0.06729257622950713,0.11177257467426255,0.08680195445243771
U0632,0.4806887390691667,0.031567114430486154,0.14730089317699246
U0633,0.2663935848705232,0.2667739181372152,0.43144118922796676
U0634,0.12340988062575248,0.3087399410908228,0.05171489827779313
U0635,0.39638015918861425,0.08269682562792968,0.44368837138598216
U0636,0.3085588657189243,0.4769264570659152,0.27437989993289025
U0637,0.10677171573657118,0.2750826983752439,0.38213042896743193
U0638,0.22657288902392803,0.33241011698842193,0.19631314829227697
U0639,0.497570632850061,0.0369882030792571,0.1423178043450279
U0640,0.21743831292589483,0.43578909982549824,0.3608088929328761
U0641,0.48519087544604717,0.12557697461839745,0.22426911716303494
U0642,0.033329808267151095,0.21440993818362364,0.294720996970389
U0643,0.2219826594542159,0.375492454887033,0.008304945389397245
U0644,0.18594716706258907,0.15971327157786502,0.3525532011998198
U0645,0.27246535977378694,0.4523907360183319,0.181127095014176
U0646,0.30348906807851017,0.06874303868711545,0.49814802918170564
U0647,0.08447791917539677,0.49821555259356176,0.05314255194568762
U0648,0.07292521529348461,0.24868244612886964,0.03278790721998093
U0649,0.10088589536917975,0.1447135884517305,0.213132344120676
U0650,0.09321114868125902,0.4694095399611786,0.08849529185889649
U0651,0.30742781231171606,0.011527220448950881,0.3747674536019609
U0652,0.10951270014549774,0.3852007940879713,0.09717873452618747
U0653,0.2211908358005748,0.45252944276807067,0.19993294413726614
U0654,0.013813570871411163,0.45939680208408096,0.4125661925516331
U0655,0.282484407692371,0.07038570376727848,0.10280868376469038
U0656,0.2777117555257748,0.462213409969931,0.48443374832461283
U0657,2.76652809134468,1.9073566905103176,1.5511482252651319
U0658,0.11958565226837853,0.36459899788920536,0.366758364994902
U0659,0.4261047133869509,0.13594779915700717,0.32041574729033767
U0660,0.36961184633119637,0.3582521700219991,0.1577782480007382
U0661,0.0902724985735276,0.31744401295133845,0.2550039102406446
U0662,0.47332669608548583,0.10386761439638215,0.29800546609306533
U0663,0.1715082696037365,0.018807282971055106,0.42931862311732744
U0664,0.2635078893235514,0.326910002215015,0.3477846008556402
U0665,0.10968263668150868,0.4108590068045875,0.46650725829238704
U0666,0.03500179492175687,0.31214016870902855,0.3432047336021636
U0667,0.328434742473418,0.3957973665988317,0.3041842293305793
U0668,0.3093254670393875,0.2701595083669151,0.07153780278253857
U0669,0.05337779519438113,0.4856907670732752,0.06246790198911634
U0670,0.4671625761960315,0.43472403592356046,0.10138624552348069
U0671,0.11540907762686142,0.060413265714006625,0.015177224501111863
U0672,0.15823204211018443,0.39903752321181846,0.3152297931224934
U0673,0.2706623032187724,0.11084000430969643,0.11594229563045211
U0674,0.4100549575275529,0.4001032569473073,0.3498393277275754
U0675,0.20569080244413385,0.1603249232595741,0.33104596055008534
U0676,0.11219265332712186,0.25115277264926655,0.4041044773940076
U0677,0.14567115566093908,0.3396134539911174,0.23938842416975264
U0678,0.43323578658056455,0.0512620474150397,0.3842091078205914
U0679,0.11813367948673859,0.0005317376920067618,0.2148870979897463
U0680,0.018207987153006866,0.14875110905736966,0.08367664230973604
U0681,0.4841254504427577,0.2791540497638378,0.4340533018710932
U0682,0.2696379921987659,0.1628204946371517,0.16956461271838452
U0683,0.11254089817060858,0.0707336157641536,0.13263131520150678
U0684,0.1077801934592566,0.12944418211596442,0.2882805275386572
U0685,0.44328755786193436,0.24766122148703829,0.019694013225922458
U0686,0.44169523271901434,0.1997576921492717,0.050573417564122314
U0687,0.3288153052027327,0.12958826153970987,0.22542311594085002
U0688,0.4635907501944517,0.18556599829197562,0.49456523726677815
U0689,0.09250245125416523,0.10483898887139753,0.11435097907439618
U0690,0.32189599254069823,0.44951447209702833,0.2777054942665459
U0691,0.04679296951394174,0.04981973019210428,0.08738279101587265
U0692,0.4822070922992229,0.0915959900850416,0.018275756715956604
U0693,0.44199061868083733,0.2225737273693344,0.16147034254563902
U0694,0.28141493397621103,0.42410747404253063,0.04291809327043011
U0695,0.25675216723159583,0.43370784867691153,0.02266599017188653
U0696,0.4384566333683297,0.37025831856365504,0.2180881805605221
U0697,0.41980235142893374,0.4639145869204402,0.1533915144675151
U0698,0.3804610375993762,0.07339828139960275,0.46776785773778534
U0699,0.23140668646068158,0.10415412744717473,0.43496520731009203
U0700,0.13629442496638466,0.24496966677661913,0.18114955424752227
U0701,0.19656874135291363,0.09048294084950359,0.31496845080931907
U0702,0.4886715729977169,0.386894784306477,0.08969401915792796
U0703,0.0669228967718562,0.020012659394481935,0.040691264791645865
U0704,0.14762353684113755,0.10821730110347388,0.31971651781665056
U0705,0.0073194158743443705,0.2479035387178119,0.1748677061528181
U0706,0.10486468469425353,0.2877148381064899,0.0901654571118578
U0707,0.18108084519316475,0.2803230206164512,0.022105289994083843
U0708,0.086007463293509,0.1730645103491722,0.46567973327672674
U0709,0.10597645860248639,0.39754408313982476,0.4492914795555773
U0710,0.3133655698218619,0.47747235063142063,0.11731523926471754
U0711,0.15007118735527286,0.26220361401813846,0.43647055074070107
U0712,0.44887730384933594,0.2922183708631766,0.18744966900557825
U0713,0.23053054123509797,0.3888809838131782,0.12536056539570611
U0714,0.36168740679997613,0.43403187092081963,0.32238378852453664
U0715,0.4949651196709187,0.2750987494783224,0.3893837892945602
U0716,0.4591449912275186,0.28394116094323957,0.20828949409772685
U0717,0.25678458813773614,0.49968820360716165,0.47934618868246154
U0718,0.440336674737826,0.2996174832298294,0.32796315496327383
U0719,0.39448585573856426,0.41940547665859534,0.08173144076278543
U0720,0.3158878658882439,0.472479571214314,0.38634157074167413
U0721,0.021030699429931077,0.25974639925807735,0.40976631735445074
U0722,0.3927784408447459,0.23990726963893783,0.010456689182441914
U0723,0.09128325342178578,0.40154778676096675,0.17111875625983797
U0724,0.38297738890759797,0.3291264614769611,0.11956124166507043
U0725,0.4884508304920175,0.3046374362452927,0.0529729623166772
U0726,0.22279745563154646,0.02818406935349782,0.4540337310503999
U0727,0.00973795417704637,0.1440947341736249,0.15833999305480367
U0728,0.35512256416723453,0.1173315986652837,0.037289546542313756
U0729,0.34690054582868407,0.014152810713276287,0.15279862818131462
U0730,0.164643302692197,0.09491417220690535,0.01926168281652002
U0731,0.29145890986183026,0.49398826116726785,0.23788888247868412
U0732,0.27269660279768004,0.0996119832623093,0.25447095931485364
U0733,0.1182297335364223,0.015615375257873987,0.22578471760151486
U0734,0.17510300821022712,0.27534004098748915,0.21967162921558797
U0735,0.32359757371297954,0.2455555230621556,0.04050602435639511
U0736,0.017302262655588707,0.3501076764167302,0.13162797990906017
U0737,0.272938047207519,0.4800390345260841,0.4452184311270463
U0738,0.0345341947987029,0.2568480858378533,0.2856273214234795
U0739,0.39637527026956515,0.14603832576094816,0.20084638352087608
U0740,0.33650203297209486,0.2246426981405058,0.07420929307849256
U0741,0.09832609897483818,0.19033446891032235,0.06146915003624037
U0742,0.19854280502599997,0.4829505131995176,0.12466158131005123
U0743,0.3668199499437584,0.04958619242871859,0.22600058581439547
U0744,0.30838558184003523,0.2934851104814315,0.4821444298750565
U0745,0.4532798315902517,0.10900286289181615,0.22943689472721995
U0746,0.14327014082076917,0.013618258991512144,0.4871262424918773
U0747,0.3087710422848518,0.04895135443274251,0.2639686843211578
U0748,0.26617348335567803,0.267152708262138,0.25507637085466145
U0749,0.08107412631506711,0.06339327152642033,0.4191483468928238
U0750,0.07083057518780483,0.17364148793958922,0.22799507262298369
U0751,0.475577726805425,0.001468903126256249,0.48251705538259704
U0752,0.0886635794992906,0.48576420563722095,0.19390907529960616
U0753,0.31391472302162304,0.02880135465413708,0.3559206489988834
U0754,0.19895672741582743,0.3265050155544882,0.416749577098571
U0755,0.015372080859525017,0.3435289211244019,0.1941763638781801
U0756,0.38158952479796676,0.16781542117372172,0.2163567895876124
U0757,0.3146259981025956,0.19517074139589674,0.3635941373004376
U0758,0.39474422135003506,0.08670662189322897,0.3402032409695699
U0759,0.1780582722439642,0.35691905079073666,0.2621664769241553
U0760,0.49783041100152686,0.3166732384912533,0.057597690426634485
U0761,0.3286653165727918,0.4325417242817947,0.49863958935936603
U0762,0.44327149294388546,0.15207082821696083,0.4166405038499356
U0763,0.45452109567553994,0.08260253011747204,0.040774573302959305
U0764,0.3845628606509763,0.1978940374545074,0.24266346873753403
U0765,0.1539342489280821,0.2993421826303974,0.14986673958096475
U0766,0.25609396906654336,0.09467891379252463,0.44357298404068274
U0767,0.07771511006757237,0.20644483240024136,0.3207487853364707
U0768,0.05211508967791062,0.2219369394147101,0.43656719963474594
U0769,0.3752963634328108,0.39973147354759775,0.16138429609445232
U0770,0.10171050876172139,0.012755534130318325,0.1299243355713648
U0771,0.442872665387471,0.04606548616694023,0.17394368192779036
U0772,0.2702791875606522,0.4490209241922619,0.49313897535530754
U0773,0.41470526839878774,0.10738810434465473,0.28853140606499394
U0774,0.454995303700627,0.4970442244578763,0.31407880909676933
U0775,0.060140656887833654,0.3268761680577759,0.0851703879380073
U0776,0.24856832152516606,0.35871486302894445,0.20931616091377242
U0777,0.13018918759047177,0.39968262568894036,0.32892762120644575
U0778,0.03053875560729097,0.038156506185961725,0.38076153288722187
U0779,0.161777635401738,0.13127620764725,0.4625434831966155
U0780,0.35464612427280306,0.3369932160420186,0.30498299828113534
U0781,0.10453125925425527,0.14547487053625868,0.3400079722408381
U0782,0.45056816065873484,0.4813330870544158,0.36401369270311557
U0783,0.47135653221362855,0.4162964119767754,0.15338656775485954
U0784,0.004264597284305338,0.26310171510099106,0.4557303181419406
U0785,0.40173001004838615,0.49540518823820917,0.0298956632059047
U0786,0.265658893682422,0.20936240519315558,0.079312030724418
U0787,0.4722758618255444,0.055487597845259806,0.08560153561590056
U0788,0.17551330207186822,0.12650794527079107,0.27564908644202873
U0789,0.41866494822095407,0.1282346429397026,0.06888978017523861
U0790,0.20214175389228511,0.11615053716532603,0.02142690430193983
U0791,0.3297909045809504,0.3327769391176256,0.2363808331253484
U0792,0.17496633332895284,0.19846835378729316,0.24119575970451101
U0793,0.30115463525156794,0.3038216190592473,0.2654597238946202
U0794,0.1872247184742915,0.2971022084708883,0.052644484641976685
U0795,0.0055585575232457995,0.2786562529764429,0.31245551568541474
U0796,0.4828101434180686,0.05181899940973861,0.10628864035699137
U0797,0.4776564446345914,0.32628674618854736,0.21806443470764492
U0798,0.16016659461139243,0.4327725740343699,0.41997340402030714
U0799,0.23190530677363969,0.2810583475855332,0.08812569744409865
U0800,0.026712640733184745,0.4439612862498538,0.11498305882059556
U0801,0.3163112587255171,0.21984988564975938,0.20540817453107774
U0802,0.49688698651860674,0.041642525801910524,0.43851643634133014
U0803,0.351957395118578,0.2984498421968186,0.3704211887882149
U0804,0.45695770353593146,0.3276947469914005,0.4281089304416525
U0805,0.18296202735506678,0.0901616012623434,0.3998559250193943
U0806,0.23721574421747516,0.27320790612559054,0.2256656759006267
U0807,0.3579698765026745,0.4496706518775739,0.3050998212217194
U0808,0.029650401866412157,0.10058197618999498,0.4709489980466225
U0809,0.242707284953893,0.21682906896176946,0.1618291457737065
U0810,0.4811777044323533,0.18579248338091464,0.12275993093169352
U0811,0.04604055016883657,0.0009084932748870123,0.0001721656784878789
U0812,0.34879125513668874,0.4975737943435822,0.48765278372403914
U0813,0.33395317831516863,0.1741802140106169,0.41516137166801437
U0814,0.48021321495150343,0.3374999105804832,0.2292430166027793
U0815,0.3800868788078588,0.41296630184851446,0.010179931828190214
U0816,0.24832711884920822,0.3755009053839056,0.1838049303979904
U0817,0.14493333687218474,0.49965808744973467,0.3601225513208359
U0818,0.3965733209561601,0.4865885864504978,0.0019112859299505458
U0819,0.23280533387839314,0.2759727546855909,0.2932515857991821
U0820,0.42340609641075205,0.43510806821036835,0.005140307290930568
U0821,0.23033154107631754,0.2819622138678651,0.29161845273048276
U0822,0.21941641267857442,0.21935440542636359,0.3959394903206728
U0823,0.017598148154307436,0.4324317041361433,0.04789132869309243
U0824,0.06054568811439742,0.1523982091453006,0.4243325020562318
U0825,0.0930902422904325,0.3687110740155357,0.021026127091802738
U0826,0.06553757076517291,0.4316870570903072,0.09614826938792492
U0827,0.16687317739314905,0.48893986543353934,0.3509797609898826
U0828,0.2681409647409589,0.05185281586965185,0.3905701684739949
U0829,0.033604317405826645,0.4143125804234786,0.39782973769670366
U0830,0.09374234090613742,0.11404273403184484,0.43647098337522244
U0831,0.4942684375998757,0.15446753549579412,0.08755335786023877
U0832,0.29254288279465057,0.21784513454323756,0.23266427366793552
U0833,0.31145121068275816,0.11657883661211615,0.33236910049017265
U0834,0.15298444812974948,0.1972076996356067,0.174759977926509
U0835,0.3968296001675028,0.15835867552069544,0.11701132763099109
U0836,0.34097090277066117,0.16481805671658356,0.3121210719286832
U0837,0.4173316087558503,0.22936472651887757,0.2103789470098439
U0838,0.2844615554349847,0.4106139472481656,0.3165416538573379
U0839,0.14198490693587118,0.4898110259719893,0.2847962279165203
U0840,0.17442648893532786,0.4829511418899728,0.06327072167549608
U0841,0.15068535404660716,0.4432058276388124,0.4383361744364803
U0842,0.4861367755428446,0.48643654524249597,0.32907639303480574
U0843,0.41712263751857226,0.4362103576406866,0.32678941026221187
U0844,0.28635504291515523,0.08556708739970187,0.21777389592056212
U0845,0.4190994404752455,0.4342720185965061,0.34572670915395504
U0846,0.24986342904517084,0.07223089836659602,0.29269610042242583
U0847,0.0031432787983772803,0.031389716295282644,0.04574527735279249
U0848,0.07161976943528503,0.05211415581567219,0.3366682051024677
U0849,0.19082560065585685,0.3954104735564998,0.3388616284720285
U0850,0.033921977952718896,0.29381041930055213,0.36742659862523414
U0851,0.20934933164620861,0.07188436045335905,0.2181024319993265
U0852,0.2905466283173951,0.26726092429561993,0.39298238074115327
U0853,0.39715041050723354,0.12210993564129968,0.23334617833192
U0854,0.39189608236257367,0.448828773724167,0.2586004226945982
U0855,0.4920942693297276,0.16553427512469632,0.48579755506457434
U0856,0.13554501977966144,0.4639854976601066,0.39191191626734706
U0857,0.14049372300615254,0.48926916847430285,0.33002708711044093
U0858,0.30297127455689593,0.23499013865910529,0.32845414388579564
U0859,0.2571329981501416,0.32156485093162906,0.22190412371184054
U0860,0.013156090344633387,0.04628588102987907,0.030443277145141334
U0861,0.0005962525318224388,0.4141763858099445,0.02027481886330318
U0862,0.16346787503228527,0.05736642460550856,0.16898709341002655
U0863,0.4067598083308375,0.3342839223083446,0.42647587288347205
U0864,0.25041009716610335,0.2964505417100538,0.4558266924382252
U0865,0.3338869106088664,0.23249233467635605,0.16040318818457028
U0866,0.31872637014277244,0.4836100895986481,0.41730710091840534
U0867,0.13029626377791215,0.03027208945647608,0.15066966373491608
U0868,0.0163409723870952,0.4858275595804314,0.4580221452239659
U0869,0.2932878151889993,0.06621970671201916,0.1481937252929817
U0870,0.2766878685797668,0.1474550888509395,0.3461004588517562
U0871,0.3778688644088065,0.4985333384969422,0.38574070028867524
U0872,0.0560698430526812,0.46127315713849276,0.45616640434852407
U0873,0.48574281779815287,0.482250662206492,0.16654885196591862
U0874,0.2866489601162408,0.4275963712347745,0.2627319803108575
U0875,0.33675963620017824,0.11346312636231665,0.2758908068365087
U0876,0.091303436409568,0.3820158743474464,0.13865420816330037
U0877,0.17284578865446526,0.4086591331245387,0.0721300072198105
U0878,0.2260396832726534,0.47990119903587314,0.3095428813348841
U0879,0.043417344728161444,0.400673544167283,0.4805677902079813
U0880,0.4824961978398846,0.014858990037741548,0.4243282501337236
U0881,0.41192441817916214,0.3986969709061408,0.33976807104015794
U0882,0.4693773415323998,0.3286446730627016,0.4250665294902813
U0883,0.4289682022119706,0.441554921319777,0.4305876089226801
U0884,0.14852860960676545,0.26778854175404676,0.17554035942291085
U0885,0.2898042307389951,0.07158148399285236,0.057394353964167366
U0886,0.2487860157702565,0.16246897320398818,0.15472386428627788
U0887,0.04991132712425134,0.37598501951554986,0.4219410591943364
U0888,0.23019882174257006,0.21925501994100582,0.2999093835570899
U0889,0.4493868379266776,0.31829262299028055,0.23217456066590592
U0890,0.3527093810687505,0.38005582298892815,0.0466379862328124
U0891,0.17070698998832406,0.0011032378852058322,0.2807043790807831
U0892,0.4349730335360976,0.32039168507800175,0.2909867232900685
U0893,0.05062935023403892,0.2478183388170096,0.36760008952556245
U0894,0.057263820196917614,0.2163500409204152,0.11349767573135378
U0895,0.16233633379521484,0.4013759556424266,0.0811914356879026
U0896,0.43343930306652056,0.31975816574516314,0.26386770830950707
U0897,0.020972920538154693,0.26436096408377296,0.1540348771783675
U0898,0.4018969610284184,0.10387209451072449,0.35032453388631124
U0899,0.401728597860729,0.08637406408453402,0.4430734152395591
U0900,0.3153069164727255,0.4526031712511922,0.005215832820156807
U0901,0.35160210542389764,0.13572292817425013,0.0794742496344038
U0902,0.022987890801933586,0.19130386313137177,0.4322224066342884
U0903,0.3577758560998348,0.1133672714341738,0.28499107510643923
U0904,0.3448201063731634,0.3145562705646327,0.4743382061876711
U0905,0.47944903929913274,0.1242062125073164,0.4397556322985854
U0906,0.45361135403603486,0.42704204610925517,0.053021410495868615
U0907,0.3099215553911705,0.1217154638198571,0.4212564733513758
U0908,0.007361298878204026,0.47626743446595954,0.29628291787594824
U0909,0.46786683041716653,0.2927854131057578,0.4658305565744985
U0910,0.1400368594264142,0.20287306095320734,0.414122380627557
U0911,0.08719161753924715,0.40291878055370123,0.1849677151025083
U0912,0.33596344559482644,0.05603116637313771,0.012737415520418405
U0913,0.21557901354681835,0.17615979691660916,0.38793212289230694
U0914,0.209797362773742,0.14016353566391415,0.3234951643406773
U0915,0.35668398151711106,0.03216904393237613,0.37800066050448583
U0916,0.023638296822587668,0.41105893008502525,0.23673673926172223
U0917,0.061966003460738106,0.20735742971525728,0.3259576029543602
U0918,0.3079978385241682,0.44911064452305494,0.2976667878937755
U0919,0.3755913656877038,0.295379392210065,0.48299374550022595
U0920,0.4740803471241049,0.030607748012579927,0.23774403099125707
U0921,0.44199302372037663,0.09988948907713474,0.37398679497663617
U0922,0.24686160197155183,0.1906829148165301,0.3310399589132868
U0923,0.4818180096170597,0.14157475116514978,0.24151104456444072
U0924,0.07780284824538908,0.370124103279345,0.2877643298407796
U0925,0.40982965288378814,0.045383619469880176,0.3872276119216498
U0926,0.43089551435663737,0.10373367072229234,0.28925287417626444
U0927,0.3569657860417701,0.3553069754393733,0.35709592213902597
U0928,0.4454654596768149,0.24378965728471763,0.24360348473667293
U0929,0.36209701567683883,0.22086165876913882,0.2124075813594979
U0930,0.2735001273725337,0.20749865383351762,0.48409790271331593
U0931,0.03517938521671399,0.4339715219431869,0.3021523267120712
U0932,0.011764393815495489,0.15058155290026676,0.23279780831969693
U0933,0.22213760004781719,0.3004725346011634,0.11848713594171373
U0934,0.02332847272561256,0.008799544315833796,0.032568133129653676
U0935,0.23246683264675128,0.07394061387205908,0.40060217512142626
U0936,0.40626568299041244,0.2229935021455069,0.06702232422790566
U0937,0.02681581103576869,0.4853553714340556,0.47304113004915255
U0938,0.4314878543927917,0.28617844636602335,0.12059174686164392
U0939,0.19753376791312116,0.33776056782053177,0.46891176779431115
U0940,0.3532280091499442,0.12216325405866613,0.09805643640275263
U0941,0.40773877606970665,0.1501779019074459,0.36873904951139297
U0942,0.14190748497953393,0.4377360758821361,0.016309808857359664
U0943,0.41233054327468277,0.2998980522001106,0.007585312144092304
U0944,0.39503395943990166,0.09662777192526473,0.3455287551276034
U0945,0.09017557529300779,0.16216071914666086,0.14143487750442096
U0946,0.17835101679042048,0.2028562807963314,0.32296369699694816
U0947,0.4419781496459979,0.322271900822342,0.26734475966728344
U0948,0.242317752061529,0.1616571134318211,0.3890546662206418
U0949,0.18194461596094064,0.45870778585434785,0.12544448887645732
U0950,0.036738289439363914,0.10709244843203641,0.2748067578928311
U0951,0.48723371524315107,0.18804890053248918,0.25791643426132627
U0952,0.3248609930518518,0.10703288608695832,0.28309085596275063
U0953,0.20576277304687474,0.06367377619876768,0.3773835125040964
U0954,0.2175771852093203,0.2619515861933742,0.1755413120161194
U0955,0.13370696949548344,0.2921125309419915,0.47616201096648275
U0956,0.23425718227975179,0.34754960163561766,0.05031635243829796
U0957,0.0708328112180927,0.22789280897012143,0.036628477025728245
U0958,0.31679320625464924,0.30726791860112607,0.34023116074250326
U0959,0.39651534111701314,0.12514944172109427,0.4904254122389454
U0960,0.30912458975917306,0.21287269607228765,0.039931224801973475
U0961,0.3686004498056662,0.3106950817905991,0.38434960832343124
U0962,0.22649600805246034,0.03817925510284126,0.36508673123422003
U0963,0.08161733626721412,0.38893802575278336,0.2724819418609329
U0964,0.2236908362142298,0.08763725444102677,0.28935185987723666
U0965,0.0732548908317614,0.4865600622507029,0.006724339463418827
U0966,0.22178413355508442,0.27641577269598616,0.22614062332472312
U0967,0.1830772161982333,0.46036214006604526,0.3691689417578971
U0968,0.4248679256857376,0.40412481439239695,0.2802376056449118
U0969,0.4144572432211069,0.32020711914638994,0.45067105273084124
U0970,0.03677159524806328,0.4089379442058544,0.128257948644118
U0971,0.13456298315623105,0.3277423425088463,0.18611434733876014
U0972,0.1906885237911659,0.17495958051977512,0.2609890175009772
U0973,0.3120978772345385,0.09219723636923066,0.20883742341541672
U0974,0.14120181307697738,0.34794818716694,0.4887262746716082
U0975,0.15834747435447938,0.024169092870293674,0.3424367431693112
U0976,0.32519826031088317,0.4834341018089625,0.4153140235090719
U0977,0.281449873389998,0.09081214583905461,0.2803992084466326
U0978,0.0827728010394409,0.36622086851987573,0.39365903337606756
U0979,0.08379142843487986,0.2687043812877236,0.1871848287074771
U0980,0.458498287476376,0.4427075772207436,0.2550783010726561
U0981,0.41398428295909245,0.46774831874875705,0.31536413939312913
U0982,0.1592320235072564,0.25299151622118465,0.45852047934725204
U0983,0.4410995581467786,0.38499364833112093,0.058924641874225914
U0984,0.43089940222343664,0.081780018108296,0.3066988798355182
U0985,0.098657852559914,0.30566089144115005,0.4093563345068234
U0986,0.1094926855002415,0.37582086871171194,0.2749364474098032
U0987,0.16860392989537354,0.2048494130296406,0.03787449776412544
U0988,0.4706436535517924,0.2843000377229248,0.3918227238942481
U0989,0.10825501374105156,0.42522365321823613,0.44052362245916027
U0990,0.22286626897031508,0.3059366615960043,0.06816003171459195
U0991,0.17976388594150222,0.010285286260904303,0.2719536116035939
U0992,2.7501534326664547,2.317604410804472,2.203536051972558
U0993,0.370501165733644,0.4119624640957646,0.22738470708082903
U0994,0.15087518067105904,0.33467398593168424,0.4263730030095329
U0995,0.030049575143051455,0.47286062138089463,0.49807967535428743
U0996,0.39337041559445174,0.01779912628061453,0.14447422505550872
U0997,0.2728529584886285,0.3568978703090922,0.04444816809568658
U0998,0.4231549117622708,0.07397602520739849,0.37991740123711537
U0999,0.3074167889726799,0.31844385739996434,0.44624852123607206
U1000,0.38453905268157773,0.004428652587556758,0.31510426353650817
